,symboling,normalized-losses,make,aspiration,num-of-doors,body-style,drive-wheels,engine-location,wheel-base,length,width,height,curb-weight,engine-type,num-of-cylinders,engine-size,fuel-system,bore,stroke,compression-ratio,horsepower,peak-rpm,city-mpg,price,city-L/100km,highway-L/100km,horsepower-binned,fuel-type-diesel,fuel-type-gas
0,3,122,alfa-romero,std,two,convertible,rwd,front,88.6,0.4134328358208958,0.31666666666666643,0.08333333333333333,2548,dohc,four,130,mpfi,3.47,2.68,9.0,111,5000,21,13495,11.19047619047619,8.703703703703704,Low,False,True
1,3,122,alfa-romero,std,two,convertible,rwd,front,88.6,0.4134328358208958,0.31666666666666643,0.08333333333333333,2548,dohc,four,130,mpfi,3.47,2.68,9.0,111,5000,21,16500,11.19047619047619,8.703703703703704,Low,False,True
2,1,122,alfa-romero,std,two,hatchback,rwd,front,94.5,0.4492537313432835,0.43333333333333357,0.38333333333333347,2823,ohcv,six,152,mpfi,2.68,3.47,9.0,154,5000,19,16500,12.368421052631579,9.038461538461538,Medium,False,True
3,2,164,audi,std,four,sedan,fwd,front,99.8,0.5298507462686567,0.49166666666666714,0.5416666666666666,2337,ohc,four,109,mpfi,3.19,3.4,10.0,102,5500,24,13950,9.791666666666666,7.833333333333333,Low,False,True
4,2,164,audi,std,four,sedan,4wd,front,99.4,0.5298507462686567,0.5083333333333341,0.5416666666666666,2824,ohc,five,136,mpfi,3.19,3.4,8.0,115,5500,18,17450,13.055555555555555,10.681818181818182,Low,False,True
5,2,122,audi,std,two,sedan,fwd,front,99.8,0.5402985074626868,0.5,0.44166666666666704,2507,ohc,five,136,mpfi,3.19,3.4,8.5,110,5500,19,15250,12.368421052631579,9.4,Low,False,True
6,1,158,audi,std,four,sedan,fwd,front,105.8,0.7701492537313432,0.9250000000000007,0.6583333333333338,2844,ohc,five,136,mpfi,3.19,3.4,8.5,110,5500,19,17710,12.368421052631579,9.4,Low,False,True
7,1,122,audi,std,four,wagon,fwd,front,105.8,0.7701492537313432,0.9250000000000007,0.6583333333333338,2954,ohc,five,136,mpfi,3.19,3.4,8.5,110,5500,19,18920,12.368421052631579,9.4,Low,False,True
8,1,158,audi,turbo,four,sedan,fwd,front,105.8,0.7701492537313432,0.9250000000000007,0.6750000000000002,3086,ohc,five,131,mpfi,3.13,3.4,8.3,140,5500,17,23875,13.823529411764707,11.75,Medium,False,True
9,0,122,audi,turbo,two,hatchback,4wd,front,99.5,0.553731343283582,0.6333333333333341,0.35000000000000026,3053,ohc,five,131,mpfi,3.13,3.4,7.0,160,5500,16,,14.6875,10.681818181818182,Medium,False,True
10,2,192,bmw,std,two,sedan,rwd,front,101.2,0.5328358208955226,0.375,0.5416666666666666,2395,ohc,four,108,mpfi,3.5,2.8,8.8,101,5800,23,16430,10.217391304347826,8.10344827586207,Low,False,True
11,0,192,bmw,std,four,sedan,rwd,front,101.2,0.5328358208955226,0.375,0.5416666666666666,2395,ohc,four,108,mpfi,3.5,2.8,8.8,101,5800,23,16925,10.217391304347826,8.10344827586207,Low,False,True
12,0,188,bmw,std,two,sedan,rwd,front,101.2,0.5328358208955226,0.375,0.5416666666666666,2710,ohc,six,164,mpfi,3.31,3.19,9.0,121,4250,21,20970,11.19047619047619,8.392857142857142,Low,False,True
13,0,188,bmw,std,four,sedan,rwd,front,101.2,0.5328358208955226,0.375,0.5416666666666666,2765,ohc,six,164,mpfi,3.31,3.19,9.0,121,4250,21,21105,11.19047619047619,8.392857142857142,Low,False,True
14,1,122,bmw,std,four,sedan,rwd,front,103.5,0.7149253731343285,0.5500000000000007,0.6583333333333338,3055,ohc,six,164,mpfi,3.31,3.19,9.0,121,4250,20,24565,11.75,9.4,Low,False,True
15,0,122,bmw,std,four,sedan,rwd,front,103.5,0.7149253731343285,0.5500000000000007,0.6583333333333338,3230,ohc,six,209,mpfi,3.62,3.39,8.0,182,5400,16,30760,14.6875,10.681818181818182,Medium,False,True
16,0,122,bmw,std,two,sedan,rwd,front,103.5,0.7865671641791048,0.6333333333333341,0.49166666666666714,3380,ohc,six,209,mpfi,3.62,3.39,8.0,182,5400,16,41315,14.6875,10.681818181818182,Medium,False,True
17,0,122,bmw,std,four,sedan,rwd,front,110.0,0.8343283582089553,0.8833333333333341,0.7083333333333334,3505,ohc,six,209,mpfi,3.62,3.39,8.0,182,5400,15,36880,15.666666666666666,11.75,Medium,False,True
18,2,121,chevrolet,std,two,hatchback,fwd,front,88.4,0.0,0.0,0.45000000000000046,1488,l,three,61,2bbl,2.91,3.03,9.5,48,5100,47,5151,5.0,4.433962264150943,Low,False,True
19,1,98,chevrolet,std,two,hatchback,fwd,front,94.5,0.22089552238805987,0.27500000000000036,0.35000000000000026,1874,ohc,four,90,2bbl,3.03,3.11,9.6,70,5400,38,6295,6.184210526315789,5.465116279069767,Low,False,True
20,0,81,chevrolet,std,four,sedan,fwd,front,94.5,0.26417910447761217,0.27500000000000036,0.35000000000000026,1909,ohc,four,90,2bbl,3.03,3.11,9.6,70,5400,38,6575,6.184210526315789,5.465116279069767,Low,False,True
21,1,118,dodge,std,two,hatchback,fwd,front,93.7,0.24179104477611965,0.2916666666666667,0.25,1876,ohc,four,90,2bbl,2.97,3.23,9.41,68,5500,37,5572,6.351351351351352,5.7317073170731705,Low,False,True
22,1,118,dodge,std,two,hatchback,fwd,front,93.7,0.24179104477611965,0.2916666666666667,0.25,1876,ohc,four,90,2bbl,2.97,3.23,9.4,68,5500,31,6377,7.580645161290323,6.184210526315789,Low,False,True
23,1,118,dodge,turbo,two,hatchback,fwd,front,93.7,0.24179104477611965,0.2916666666666667,0.25,2128,ohc,four,98,mpfi,3.03,3.39,7.6,102,5500,24,7957,9.791666666666666,7.833333333333333,Low,False,True
24,1,148,dodge,std,four,hatchback,fwd,front,93.7,0.24179104477611965,0.2916666666666667,0.2333333333333337,1967,ohc,four,90,2bbl,2.97,3.23,9.4,68,5500,31,6229,7.580645161290323,6.184210526315789,Low,False,True
25,1,148,dodge,std,four,sedan,fwd,front,93.7,0.24179104477611965,0.2916666666666667,0.2333333333333337,1989,ohc,four,90,2bbl,2.97,3.23,9.4,68,5500,31,6692,7.580645161290323,6.184210526315789,Low,False,True
26,1,148,dodge,std,four,sedan,fwd,front,93.7,0.24179104477611965,0.2916666666666667,0.2333333333333337,1989,ohc,four,90,2bbl,2.97,3.23,9.4,68,5500,31,7609,7.580645161290323,6.184210526315789,Low,False,True
27,1,148,dodge,turbo,,sedan,fwd,front,93.7,0.24179104477611965,0.2916666666666667,0.2333333333333337,2191,ohc,four,98,mpfi,3.03,3.39,7.6,102,5500,24,8558,9.791666666666666,7.833333333333333,Low,False,True
28,-1,110,dodge,std,four,wagon,fwd,front,103.3,0.5,0.3583333333333331,1.0,2535,ohc,four,122,2bbl,3.34,3.46,8.5,88,5000,24,8921,9.791666666666666,7.833333333333333,Low,False,True
29,3,145,dodge,turbo,two,hatchback,fwd,front,95.9,0.4791044776119402,0.5,0.20000000000000048,2811,ohc,four,156,mfi,3.6,3.9,7.0,145,5000,19,12964,12.368421052631579,9.791666666666666,Medium,False,True
30,2,137,honda,std,two,hatchback,fwd,front,86.6,0.05223880597014925,0.3000000000000001,0.25,1713,ohc,four,92,1bbl,2.91,3.41,9.6,58,4800,49,6479,4.795918367346939,4.351851851851852,Low,False,True
31,2,137,honda,std,two,hatchback,fwd,front,86.6,0.05223880597014925,0.3000000000000001,0.25,1819,ohc,four,92,1bbl,2.91,3.41,9.2,76,6000,31,6855,7.580645161290323,6.184210526315789,Low,False,True
32,1,101,honda,std,two,hatchback,fwd,front,93.7,0.13283582089552248,0.30833333333333357,0.40000000000000036,1837,ohc,four,79,1bbl,2.91,3.07,10.1,60,5500,38,5399,6.184210526315789,5.595238095238095,Low,False,True
33,1,101,honda,std,two,hatchback,fwd,front,93.7,0.13283582089552248,0.30833333333333357,0.40000000000000036,1940,ohc,four,92,1bbl,2.91,3.41,9.2,76,6000,30,6529,7.833333333333333,6.911764705882353,Low,False,True
34,1,101,honda,std,two,hatchback,fwd,front,93.7,0.13283582089552248,0.30833333333333357,0.40000000000000036,1956,ohc,four,92,1bbl,2.91,3.41,9.2,76,6000,30,7129,7.833333333333333,6.911764705882353,Low,False,True
35,0,110,honda,std,four,sedan,fwd,front,96.5,0.33283582089552255,0.30833333333333357,0.5583333333333336,2010,ohc,four,92,1bbl,2.91,3.41,9.2,76,6000,30,7295,7.833333333333333,6.911764705882353,Low,False,True
36,0,78,honda,std,four,wagon,fwd,front,96.5,0.23880597014925373,0.3000000000000001,0.875,2024,ohc,four,92,1bbl,2.92,3.41,9.2,76,6000,30,7295,7.833333333333333,6.911764705882353,Low,False,True
37,0,106,honda,std,two,hatchback,fwd,front,96.5,0.39402985074626873,0.4083333333333338,0.4583333333333333,2236,ohc,four,110,1bbl,3.15,3.58,9.0,86,5800,27,7895,8.703703703703704,7.121212121212121,Low,False,True
38,0,106,honda,std,two,hatchback,fwd,front,96.5,0.39402985074626873,0.4083333333333338,0.4583333333333333,2289,ohc,four,110,1bbl,3.15,3.58,9.0,86,5800,27,9095,8.703703703703704,7.121212121212121,Low,False,True
39,0,85,honda,std,four,sedan,fwd,front,96.5,0.5119402985074628,0.4083333333333338,0.5250000000000004,2304,ohc,four,110,1bbl,3.15,3.58,9.0,86,5800,27,8845,8.703703703703704,7.121212121212121,Low,False,True
40,0,85,honda,std,four,sedan,fwd,front,96.5,0.5119402985074628,0.18333333333333357,0.5250000000000004,2372,ohc,four,110,1bbl,3.15,3.58,9.0,86,5800,27,10295,8.703703703703704,7.121212121212121,Low,False,True
41,0,85,honda,std,four,sedan,fwd,front,96.5,0.5119402985074628,0.4083333333333338,0.5250000000000004,2465,ohc,four,110,mpfi,3.15,3.58,9.0,101,5800,24,12945,9.791666666666666,8.392857142857142,Low,False,True
42,1,107,honda,std,two,sedan,fwd,front,96.5,0.417910447761194,0.47500000000000026,0.2666666666666669,2293,ohc,four,110,2bbl,3.15,3.58,9.1,100,5500,25,10345,9.4,7.580645161290323,Low,False,True
43,0,122,isuzu,std,four,sedan,rwd,front,94.3,0.4417910447761193,0.125,0.47500000000000026,2337,ohc,four,111,2bbl,3.31,3.23,8.5,78,4800,24,6785,9.791666666666666,8.10344827586207,Low,False,True
44,1,122,isuzu,std,two,sedan,fwd,front,94.5,0.22089552238805987,0.27500000000000036,0.35000000000000026,1874,ohc,four,90,2bbl,3.03,3.11,9.6,70,5400,38,,6.184210526315789,5.465116279069767,Low,False,True
45,0,122,isuzu,std,four,sedan,fwd,front,94.5,0.22089552238805987,0.27500000000000036,0.35000000000000026,1909,ohc,four,90,2bbl,3.03,3.11,9.6,70,5400,38,,6.184210526315789,5.465116279069767,Low,False,True
46,2,122,isuzu,std,two,hatchback,rwd,front,96.0,0.4701492537313433,0.4083333333333338,0.3000000000000001,2734,ohc,four,119,spfi,3.43,3.23,9.2,90,5000,24,11048,9.791666666666666,8.10344827586207,Low,False,True
47,0,145,jaguar,std,four,sedan,rwd,front,113.0,0.8731343283582089,0.7749999999999998,0.4166666666666667,4066,dohc,six,258,mpfi,3.63,4.17,8.1,176,4750,15,32250,15.666666666666666,12.368421052631579,Medium,False,True
48,0,122,jaguar,std,four,sedan,rwd,front,113.0,0.8731343283582089,0.7749999999999998,0.4166666666666667,4066,dohc,six,258,mpfi,3.63,4.17,8.1,176,4750,15,35550,15.666666666666666,12.368421052631579,Medium,False,True
49,0,122,jaguar,std,two,sedan,rwd,front,102.0,0.7552238805970148,0.8583333333333331,0.0,3950,ohcv,twelve,326,mpfi,3.54,2.76,11.5,262,5000,13,36000,18.076923076923077,13.823529411764707,High,False,True
50,1,104,mazda,std,two,hatchback,fwd,front,93.1,0.26865671641791045,0.32500000000000046,0.5250000000000004,1890,ohc,four,91,2bbl,3.03,3.15,9.0,68,5000,30,5195,7.833333333333333,7.580645161290323,Low,False,True
51,1,104,mazda,std,two,hatchback,fwd,front,93.1,0.26865671641791045,0.32500000000000046,0.5250000000000004,1900,ohc,four,91,2bbl,3.03,3.15,9.0,68,5000,31,6095,7.580645161290323,6.184210526315789,Low,False,True
52,1,104,mazda,std,two,hatchback,fwd,front,93.1,0.26865671641791045,0.32500000000000046,0.5250000000000004,1905,ohc,four,91,2bbl,3.03,3.15,9.0,68,5000,31,6795,7.580645161290323,6.184210526315789,Low,False,True
53,1,113,mazda,std,four,sedan,fwd,front,93.1,0.38358208955223905,0.32500000000000046,0.5250000000000004,1945,ohc,four,91,2bbl,3.03,3.15,9.0,68,5000,31,6695,7.580645161290323,6.184210526315789,Low,False,True
54,1,113,mazda,std,four,sedan,fwd,front,93.1,0.38358208955223905,0.32500000000000046,0.5250000000000004,1950,ohc,four,91,2bbl,3.08,3.15,9.0,68,5000,31,7395,7.580645161290323,6.184210526315789,Low,False,True
55,3,150,mazda,std,two,hatchback,rwd,front,95.3,0.4164179104477613,0.45000000000000046,0.15000000000000036,2380,rotor,two,70,4bbl,,,9.4,101,6000,17,10945,13.823529411764707,10.217391304347826,Low,False,True
56,3,150,mazda,std,two,hatchback,rwd,front,95.3,0.4164179104477613,0.45000000000000046,0.15000000000000036,2380,rotor,two,70,4bbl,,,9.4,101,6000,17,11845,13.823529411764707,10.217391304347826,Low,False,True
57,3,150,mazda,std,two,hatchback,rwd,front,95.3,0.4164179104477613,0.45000000000000046,0.15000000000000036,2385,rotor,two,70,4bbl,,,9.4,101,6000,17,13645,13.823529411764707,10.217391304347826,Low,False,True
58,3,150,mazda,std,two,hatchback,rwd,front,95.3,0.4164179104477613,0.45000000000000046,0.15000000000000036,2500,rotor,two,80,mpfi,,,9.4,135,6000,16,15645,14.6875,10.217391304347826,Medium,False,True
59,1,129,mazda,std,two,hatchback,fwd,front,98.8,0.547761194029851,0.5166666666666669,0.49166666666666714,2385,ohc,four,122,2bbl,3.39,3.39,8.6,84,4800,26,8845,9.038461538461538,7.34375,Low,False,True
60,0,115,mazda,std,four,sedan,fwd,front,98.8,0.547761194029851,0.5166666666666669,0.6416666666666669,2410,ohc,four,122,2bbl,3.39,3.39,8.6,84,4800,26,8495,9.038461538461538,7.34375,Low,False,True
61,1,129,mazda,std,two,hatchback,fwd,front,98.8,0.547761194029851,0.5166666666666669,0.49166666666666714,2385,ohc,four,122,2bbl,3.39,3.39,8.6,84,4800,26,10595,9.038461538461538,7.34375,Low,False,True
62,0,115,mazda,std,four,sedan,fwd,front,98.8,0.547761194029851,0.5166666666666669,0.6416666666666669,2410,ohc,four,122,2bbl,3.39,3.39,8.6,84,4800,26,10245,9.038461538461538,7.34375,Low,False,True
63,0,122,mazda,std,,sedan,fwd,front,98.8,0.547761194029851,0.5166666666666669,0.6416666666666669,2443,ohc,four,122,idi,3.39,3.39,22.7,64,4650,36,10795,6.527777777777778,5.595238095238095,Low,True,False
64,0,115,mazda,std,four,hatchback,fwd,front,98.8,0.547761194029851,0.5166666666666669,0.6416666666666669,2425,ohc,four,122,2bbl,3.39,3.39,8.6,84,4800,26,11245,9.038461538461538,7.34375,Low,False,True
65,0,118,mazda,std,four,sedan,rwd,front,104.9,0.5059701492537314,0.4833333333333331,0.5500000000000002,2670,ohc,four,140,mpfi,3.76,3.16,8.0,120,5000,19,18280,12.368421052631579,8.703703703703704,Low,False,True
66,0,122,mazda,std,four,sedan,rwd,front,104.9,0.5059701492537314,0.4833333333333331,0.5500000000000002,2700,ohc,four,134,idi,3.43,3.64,22.0,72,4200,31,18344,7.580645161290323,6.0256410256410255,Low,True,False
67,-1,93,mercedes-benz,turbo,four,sedan,rwd,front,110.0,0.7432835820895524,0.8333333333333334,0.7250000000000002,3515,ohc,five,183,idi,3.58,3.64,21.5,123,4350,22,25552,10.681818181818182,9.4,Low,True,False
68,-1,93,mercedes-benz,turbo,four,wagon,rwd,front,110.0,0.7432835820895524,0.8333333333333334,0.9083333333333338,3750,ohc,five,183,idi,3.58,3.64,21.5,123,4350,22,28248,10.681818181818182,9.4,Low,True,False
69,0,93,mercedes-benz,turbo,two,hardtop,rwd,front,106.7,0.6925373134328359,0.8333333333333334,0.5916666666666668,3495,ohc,five,183,idi,3.58,3.64,21.5,123,4350,22,28176,10.681818181818182,9.4,Low,True,False
70,-1,93,mercedes-benz,turbo,four,sedan,rwd,front,115.6,0.917910447761194,0.9500000000000005,0.7083333333333334,3770,ohc,five,183,idi,3.58,3.64,21.5,123,4350,22,31600,10.681818181818182,9.4,Low,True,False
71,-1,122,mercedes-benz,std,four,sedan,rwd,front,115.6,0.917910447761194,0.9500000000000005,0.7250000000000002,3740,ohcv,eight,234,mpfi,3.46,3.1,8.3,155,4750,16,34184,14.6875,13.055555555555555,Medium,False,True
72,3,142,mercedes-benz,std,two,convertible,rwd,front,96.6,0.5850746268656719,0.8500000000000002,0.25,3685,ohcv,eight,234,mpfi,3.46,3.1,8.3,155,4750,16,35056,14.6875,13.055555555555555,Medium,False,True
73,0,122,mercedes-benz,std,four,sedan,rwd,front,120.9,1.0,0.9500000000000005,0.7416666666666671,3900,ohcv,eight,308,mpfi,3.8,3.35,8.0,184,4500,14,40960,16.785714285714285,14.6875,Medium,False,True
74,1,122,mercedes-benz,std,two,hardtop,rwd,front,112.0,0.8671641791044775,0.9750000000000002,0.6333333333333334,3715,ohcv,eight,304,mpfi,3.8,3.35,8.0,184,4500,14,45400,16.785714285714285,14.6875,Medium,False,True
75,1,122,mercury,turbo,two,hatchback,rwd,front,102.7,0.5567164179104479,0.6416666666666669,0.5833333333333334,2910,ohc,four,140,mpfi,3.78,3.12,8.0,175,5000,19,16503,12.368421052631579,9.791666666666666,Medium,False,True
76,2,161,mitsubishi,std,two,hatchback,fwd,front,93.7,0.24179104477611965,0.3416666666666674,0.25,1918,ohc,four,92,2bbl,2.97,3.23,9.4,68,5500,37,5389,6.351351351351352,5.7317073170731705,Low,False,True
77,2,161,mitsubishi,std,two,hatchback,fwd,front,93.7,0.24179104477611965,0.3416666666666674,0.25,1944,ohc,four,92,2bbl,2.97,3.23,9.4,68,5500,31,6189,7.580645161290323,6.184210526315789,Low,False,True
78,2,161,mitsubishi,std,two,hatchback,fwd,front,93.7,0.24179104477611965,0.3416666666666674,0.25,2004,ohc,four,92,2bbl,2.97,3.23,9.4,68,5500,31,6669,7.580645161290323,6.184210526315789,Low,False,True
79,1,161,mitsubishi,turbo,two,hatchback,fwd,front,93.0,0.24179104477611965,0.2916666666666667,0.25,2145,ohc,four,98,spdi,3.03,3.39,7.6,102,5500,24,7689,9.791666666666666,7.833333333333333,Low,False,True
80,3,153,mitsubishi,turbo,two,hatchback,fwd,front,96.3,0.4761194029850747,0.4250000000000007,0.13333333333333344,2370,ohc,four,110,spdi,3.17,3.46,7.5,116,5500,23,9959,10.217391304347826,7.833333333333333,Low,False,True
81,3,153,mitsubishi,std,two,hatchback,fwd,front,96.3,0.4761194029850747,0.4250000000000007,0.13333333333333344,2328,ohc,four,122,2bbl,3.35,3.46,8.5,88,5000,25,8499,9.4,7.34375,Low,False,True
82,3,122,mitsubishi,turbo,two,hatchback,fwd,front,95.9,0.4791044776119402,0.5,0.20000000000000048,2833,ohc,four,156,spdi,3.58,3.86,7.0,145,5000,19,12629,12.368421052631579,9.791666666666666,Medium,False,True
83,3,122,mitsubishi,turbo,two,hatchback,fwd,front,95.9,0.4791044776119402,0.5,0.20000000000000048,2921,ohc,four,156,spdi,3.59,3.86,7.0,145,5000,19,14869,12.368421052631579,9.791666666666666,Medium,False,True
84,3,122,mitsubishi,turbo,two,hatchback,fwd,front,95.9,0.4791044776119402,0.5,0.20000000000000048,2926,ohc,four,156,spdi,3.59,3.86,7.0,145,5000,19,14489,12.368421052631579,9.791666666666666,Medium,False,True
85,1,125,mitsubishi,std,four,sedan,fwd,front,96.3,0.4671641791044778,0.4250000000000007,0.31666666666666704,2365,ohc,four,122,2bbl,3.35,3.46,8.5,88,5000,25,6989,9.4,7.34375,Low,False,True
86,1,125,mitsubishi,std,four,sedan,fwd,front,96.3,0.4671641791044778,0.4250000000000007,0.31666666666666704,2405,ohc,four,122,2bbl,3.35,3.46,8.5,88,5000,25,8189,9.4,7.34375,Low,False,True
87,1,125,mitsubishi,turbo,four,sedan,fwd,front,96.3,0.4671641791044778,0.4250000000000007,0.31666666666666704,2403,ohc,four,110,spdi,3.17,3.46,7.5,116,5500,23,9279,10.217391304347826,7.833333333333333,Low,False,True
88,-1,137,mitsubishi,std,four,sedan,fwd,front,96.3,0.4671641791044778,0.4250000000000007,0.31666666666666704,2403,ohc,four,110,spdi,3.17,3.46,7.5,116,5500,23,9279,10.217391304347826,7.833333333333333,Low,False,True
89,1,128,nissan,std,two,sedan,fwd,front,94.5,0.3611940298507465,0.2916666666666667,0.5583333333333336,1889,ohc,four,97,2bbl,3.15,3.29,9.4,69,5200,31,5499,7.580645161290323,6.351351351351352,Low,False,True
90,1,128,nissan,std,two,sedan,fwd,front,94.5,0.3611940298507465,0.2916666666666667,0.5583333333333336,2017,ohc,four,103,idi,2.99,3.47,21.9,55,4800,45,7099,5.222222222222222,4.7,Low,True,False
91,1,128,nissan,std,two,sedan,fwd,front,94.5,0.3611940298507465,0.2916666666666667,0.5583333333333336,1918,ohc,four,97,2bbl,3.15,3.29,9.4,69,5200,31,6649,7.580645161290323,6.351351351351352,Low,False,True
92,1,122,nissan,std,four,sedan,fwd,front,94.5,0.3611940298507465,0.2916666666666667,0.5583333333333336,1938,ohc,four,97,2bbl,3.15,3.29,9.4,69,5200,31,6849,7.580645161290323,6.351351351351352,Low,False,True
93,1,103,nissan,std,four,wagon,fwd,front,94.5,0.43432835820895516,0.2916666666666667,0.47500000000000026,2024,ohc,four,97,2bbl,3.15,3.29,9.4,69,5200,31,7349,7.580645161290323,6.351351351351352,Low,False,True
94,1,128,nissan,std,two,sedan,fwd,front,94.5,0.3611940298507465,0.2916666666666667,0.5583333333333336,1951,ohc,four,97,2bbl,3.15,3.29,9.4,69,5200,31,7299,7.580645161290323,6.351351351351352,Low,False,True
95,1,128,nissan,std,two,hatchback,fwd,front,94.5,0.3656716417910448,0.2916666666666667,0.4583333333333333,2028,ohc,four,97,2bbl,3.15,3.29,9.4,69,5200,31,7799,7.580645161290323,6.351351351351352,Low,False,True
96,1,122,nissan,std,four,sedan,fwd,front,94.5,0.3611940298507465,0.2916666666666667,0.5583333333333336,1971,ohc,four,97,2bbl,3.15,3.29,9.4,69,5200,31,7499,7.580645161290323,6.351351351351352,Low,False,True
97,1,103,nissan,std,four,wagon,fwd,front,94.5,0.43432835820895516,0.2916666666666667,0.47500000000000026,2037,ohc,four,97,2bbl,3.15,3.29,9.4,69,5200,31,7999,7.580645161290323,6.351351351351352,Low,False,True
98,2,168,nissan,std,two,hardtop,fwd,front,95.1,0.3179104477611942,0.2916666666666667,0.4583333333333333,2008,ohc,four,97,2bbl,3.15,3.29,9.4,69,5200,31,8249,7.580645161290323,6.351351351351352,Low,False,True
99,0,106,nissan,std,four,hatchback,fwd,front,97.2,0.4820895522388061,0.4083333333333338,0.5750000000000005,2324,ohc,four,120,2bbl,3.33,3.47,8.5,97,5200,27,8949,8.703703703703704,6.911764705882353,Low,False,True
100,0,106,nissan,std,four,sedan,fwd,front,97.2,0.4820895522388061,0.4083333333333338,0.5750000000000005,2302,ohc,four,120,2bbl,3.33,3.47,8.5,97,5200,27,9549,8.703703703703704,6.911764705882353,Low,False,True
101,0,128,nissan,std,four,sedan,fwd,front,100.4,0.6059701492537313,0.5166666666666669,0.6083333333333337,3095,ohcv,six,181,mpfi,3.43,3.27,9.0,152,5200,17,13499,13.823529411764707,10.681818181818182,Medium,False,True
102,0,108,nissan,std,four,wagon,fwd,front,100.4,0.6492537313432836,0.5166666666666669,0.691666666666667,3296,ohcv,six,181,mpfi,3.43,3.27,9.0,152,5200,17,14399,13.823529411764707,10.681818181818182,Medium,False,True
103,0,108,nissan,std,four,sedan,fwd,front,100.4,0.6492537313432836,0.5166666666666669,0.6083333333333337,3060,ohcv,six,181,mpfi,3.43,3.27,9.0,152,5200,19,13499,12.368421052631579,9.4,Medium,False,True
104,3,194,nissan,std,two,hatchback,rwd,front,91.3,0.4417910447761193,0.6333333333333341,0.1583333333333338,3071,ohcv,six,181,mpfi,3.43,3.27,9.0,160,5200,19,17199,12.368421052631579,9.4,Medium,False,True
105,3,194,nissan,turbo,two,hatchback,rwd,front,91.3,0.4417910447761193,0.6333333333333341,0.1583333333333338,3139,ohcv,six,181,mpfi,3.43,3.27,7.8,200,5200,17,19699,13.823529411764707,10.217391304347826,Medium,False,True
106,1,231,nissan,std,two,hatchback,rwd,front,99.2,0.5582089552238807,0.6333333333333341,0.1583333333333338,3139,ohcv,six,181,mpfi,3.43,3.27,9.0,160,5200,19,18399,12.368421052631579,9.4,Medium,False,True
107,0,161,peugot,std,four,sedan,rwd,front,107.9,0.6805970149253731,0.6750000000000007,0.7416666666666671,3020,l,four,120,mpfi,3.46,3.19,8.4,97,5000,19,11900,12.368421052631579,9.791666666666666,Low,False,True
108,0,161,peugot,turbo,four,sedan,rwd,front,107.9,0.6805970149253731,0.6750000000000007,0.7416666666666671,3197,l,four,152,idi,3.7,3.52,21.0,95,4150,28,13200,8.392857142857142,7.121212121212121,Low,True,False
109,0,122,peugot,std,four,wagon,rwd,front,114.2,0.8626865671641792,0.6750000000000007,0.9083333333333338,3230,l,four,120,mpfi,3.46,3.19,8.4,97,5000,19,12440,12.368421052631579,9.791666666666666,Low,False,True
110,0,122,peugot,turbo,four,wagon,rwd,front,114.2,0.8626865671641792,0.6750000000000007,0.9083333333333338,3430,l,four,152,idi,3.7,3.52,21.0,95,4150,25,13860,9.4,9.4,Low,True,False
111,0,161,peugot,std,four,sedan,rwd,front,107.9,0.6805970149253731,0.6750000000000007,0.7416666666666671,3075,l,four,120,mpfi,3.46,2.19,8.4,95,5000,19,15580,12.368421052631579,9.791666666666666,Low,False,True
112,0,161,peugot,turbo,four,sedan,rwd,front,107.9,0.6805970149253731,0.6750000000000007,0.7416666666666671,3252,l,four,152,idi,3.7,3.52,21.0,95,4150,28,16900,8.392857142857142,7.121212121212121,Low,True,False
113,0,122,peugot,std,four,wagon,rwd,front,114.2,0.8626865671641792,0.6750000000000007,0.7416666666666671,3285,l,four,120,mpfi,3.46,2.19,8.4,95,5000,19,16695,12.368421052631579,9.791666666666666,Low,False,True
114,0,122,peugot,turbo,four,wagon,rwd,front,114.2,0.8626865671641792,0.6750000000000007,0.9083333333333338,3485,l,four,152,idi,3.7,3.52,21.0,95,4150,25,17075,9.4,9.4,Low,True,False
115,0,161,peugot,std,four,sedan,rwd,front,107.9,0.6805970149253731,0.6750000000000007,0.7416666666666671,3075,l,four,120,mpfi,3.46,3.19,8.4,97,5000,19,16630,12.368421052631579,9.791666666666666,Low,False,True
116,0,161,peugot,turbo,four,sedan,rwd,front,107.9,0.6805970149253731,0.6750000000000007,0.7416666666666671,3252,l,four,152,idi,3.7,3.52,21.0,95,4150,28,17950,8.392857142857142,7.121212121212121,Low,True,False
117,0,161,peugot,turbo,four,sedan,rwd,front,108.0,0.6805970149253731,0.6666666666666666,0.6833333333333336,3130,l,four,134,mpfi,3.61,3.21,7.0,142,5600,18,18150,13.055555555555555,9.791666666666666,Medium,False,True
118,1,119,plymouth,std,two,hatchback,fwd,front,93.7,0.24179104477611965,0.2916666666666667,0.25,1918,ohc,four,90,2bbl,2.97,3.23,9.4,68,5500,37,5572,6.351351351351352,5.7317073170731705,Low,False,True
119,1,119,plymouth,turbo,two,hatchback,fwd,front,93.7,0.24179104477611965,0.2916666666666667,0.25,2128,ohc,four,98,spdi,3.03,3.39,7.6,102,5500,24,7957,9.791666666666666,7.833333333333333,Low,False,True
120,1,154,plymouth,std,four,hatchback,fwd,front,93.7,0.24179104477611965,0.2916666666666667,0.2333333333333337,1967,ohc,four,90,2bbl,2.97,3.23,9.4,68,5500,31,6229,7.580645161290323,6.184210526315789,Low,False,True
121,1,154,plymouth,std,four,sedan,fwd,front,93.7,0.39104477611940325,0.2916666666666667,0.25,1989,ohc,four,90,2bbl,2.97,3.23,9.4,68,5500,31,6692,7.580645161290323,6.184210526315789,Low,False,True
122,1,154,plymouth,std,four,sedan,fwd,front,93.7,0.39104477611940325,0.2916666666666667,0.25,2191,ohc,four,98,2bbl,2.97,3.23,9.4,68,5500,31,7609,7.580645161290323,6.184210526315789,Low,False,True
123,-1,74,plymouth,std,four,wagon,fwd,front,103.3,0.5,0.3583333333333331,1.0,2535,ohc,four,122,2bbl,3.35,3.46,8.5,88,5000,24,8921,9.791666666666666,7.833333333333333,Low,False,True
124,3,122,plymouth,turbo,two,hatchback,rwd,front,95.9,0.4791044776119402,0.5,0.20000000000000048,2818,ohc,four,156,spdi,3.59,3.86,7.0,145,5000,19,12764,12.368421052631579,9.791666666666666,Medium,False,True
125,3,186,porsche,std,two,hatchback,rwd,front,94.5,0.41492537313432853,0.6666666666666666,0.20000000000000048,2778,ohc,four,151,mpfi,3.94,3.11,9.5,143,5500,19,22018,12.368421052631579,8.703703703703704,Medium,False,True
126,3,122,porsche,std,two,hardtop,rwd,rear,89.5,0.41492537313432853,0.3916666666666669,0.31666666666666704,2756,ohcf,six,194,mpfi,3.74,2.9,9.5,207,5900,17,32528,13.823529411764707,9.4,Medium,False,True
127,3,122,porsche,std,two,hardtop,rwd,rear,89.5,0.41492537313432853,0.3916666666666669,0.31666666666666704,2756,ohcf,six,194,mpfi,3.74,2.9,9.5,207,5900,17,34028,13.823529411764707,9.4,Medium,False,True
128,3,122,porsche,std,two,convertible,rwd,rear,89.5,0.41492537313432853,0.3916666666666669,0.31666666666666704,2800,ohcf,six,194,mpfi,3.74,2.9,9.5,207,5900,17,37028,13.823529411764707,9.4,Medium,False,True
129,1,122,porsche,std,two,hatchback,rwd,front,98.4,0.5164179104477611,1.0,0.22500000000000023,3366,dohcv,eight,203,mpfi,3.94,3.11,10.0,288,5750,17,,13.823529411764707,8.392857142857142,High,False,True
130,0,122,renault,std,four,wagon,fwd,front,96.1,0.6029850746268658,0.5166666666666669,0.6166666666666671,2579,ohc,four,132,mpfi,3.46,3.9,8.7,104,,23,9295,10.217391304347826,7.580645161290323,Low,False,True
131,2,122,renault,std,two,hatchback,fwd,front,96.1,0.5328358208955226,0.5249999999999998,0.22500000000000023,2460,ohc,four,132,mpfi,3.46,3.9,8.7,104,,23,9895,10.217391304347826,7.580645161290323,Low,False,True
132,3,150,saab,std,two,hatchback,fwd,front,99.1,0.6791044776119403,0.5166666666666669,0.691666666666667,2658,ohc,four,121,mpfi,3.54,3.07,9.31,110,5250,21,11850,11.19047619047619,8.392857142857142,Low,False,True
133,2,104,saab,std,four,sedan,fwd,front,99.1,0.6791044776119403,0.5166666666666669,0.691666666666667,2695,ohc,four,121,mpfi,3.54,3.07,9.3,110,5250,21,12170,11.19047619047619,8.392857142857142,Low,False,True
134,3,150,saab,std,two,hatchback,fwd,front,99.1,0.6791044776119403,0.5166666666666669,0.691666666666667,2707,ohc,four,121,mpfi,2.54,2.07,9.3,110,5250,21,15040,11.19047619047619,8.392857142857142,Low,False,True
135,2,104,saab,std,four,sedan,fwd,front,99.1,0.6791044776119403,0.5166666666666669,0.691666666666667,2758,ohc,four,121,mpfi,3.54,3.07,9.3,110,5250,21,15510,11.19047619047619,8.392857142857142,Low,False,True
136,3,150,saab,turbo,two,hatchback,fwd,front,99.1,0.6791044776119403,0.5166666666666669,0.691666666666667,2808,dohc,four,121,mpfi,3.54,3.07,9.0,160,5500,19,18150,12.368421052631579,9.038461538461538,Medium,False,True
137,2,104,saab,turbo,four,sedan,fwd,front,99.1,0.6791044776119403,0.5166666666666669,0.691666666666667,2847,dohc,four,121,mpfi,3.54,3.07,9.0,160,5500,19,18620,12.368421052631579,9.038461538461538,Medium,False,True
138,2,83,subaru,std,two,hatchback,fwd,front,93.7,0.23582089552238822,0.25833333333333347,0.49166666666666714,2050,ohcf,four,97,2bbl,3.62,2.36,9.0,69,4900,31,5118,7.580645161290323,6.527777777777778,Low,False,True
139,2,83,subaru,std,two,hatchback,fwd,front,93.7,0.25074626865671656,0.27500000000000036,0.49166666666666714,2120,ohcf,four,108,2bbl,3.62,2.64,8.7,73,4400,26,7053,9.038461538461538,7.580645161290323,Low,False,True
140,2,83,subaru,std,two,hatchback,4wd,front,93.3,0.24179104477611965,0.2916666666666667,0.6583333333333338,2240,ohcf,four,108,2bbl,3.62,2.64,8.7,73,4400,26,7603,9.038461538461538,7.580645161290323,Low,False,True
141,0,102,subaru,std,four,sedan,fwd,front,97.2,0.46119402985074637,0.4250000000000007,0.3916666666666669,2145,ohcf,four,108,2bbl,3.62,2.64,9.5,82,4800,32,7126,7.34375,6.351351351351352,Low,False,True
142,0,102,subaru,std,four,sedan,fwd,front,97.2,0.46119402985074637,0.4250000000000007,0.3916666666666669,2190,ohcf,four,108,2bbl,3.62,2.64,9.5,82,4400,28,7775,8.392857142857142,7.121212121212121,Low,False,True
143,0,102,subaru,std,four,sedan,fwd,front,97.2,0.46119402985074637,0.4250000000000007,0.3916666666666669,2340,ohcf,four,108,mpfi,3.62,2.64,9.0,94,5200,26,9960,9.038461538461538,7.34375,Low,False,True
144,0,102,subaru,std,four,sedan,4wd,front,97.0,0.46119402985074637,0.4250000000000007,0.5416666666666666,2385,ohcf,four,108,2bbl,3.62,2.64,9.0,82,4800,24,9233,9.791666666666666,9.4,Low,False,True
145,0,102,subaru,turbo,four,sedan,4wd,front,97.0,0.46119402985074637,0.4250000000000007,0.5416666666666666,2510,ohcf,four,108,mpfi,3.62,2.64,7.7,111,4800,24,11259,9.791666666666666,8.10344827586207,Low,False,True
146,0,89,subaru,std,four,wagon,fwd,front,97.0,0.4835820895522389,0.4250000000000007,0.43333333333333357,2290,ohcf,four,108,2bbl,3.62,2.64,9.0,82,4800,28,7463,8.392857142857142,7.34375,Low,False,True
147,0,89,subaru,std,four,wagon,fwd,front,97.0,0.4835820895522389,0.4250000000000007,0.43333333333333357,2455,ohcf,four,108,mpfi,3.62,2.64,9.0,94,5200,25,10198,9.4,7.580645161290323,Low,False,True
148,0,85,subaru,std,four,wagon,4wd,front,96.9,0.48507462686567165,0.4250000000000007,0.5916666666666668,2420,ohcf,four,108,2bbl,3.62,2.64,9.0,82,4800,23,8013,10.217391304347826,8.10344827586207,Low,False,True
149,0,85,subaru,turbo,four,wagon,4wd,front,96.9,0.48507462686567165,0.4250000000000007,0.5916666666666668,2650,ohcf,four,108,mpfi,3.62,2.64,7.7,111,4800,23,11694,10.217391304347826,10.217391304347826,Low,False,True
150,1,87,toyota,std,two,hatchback,fwd,front,95.7,0.26268656716417904,0.27500000000000036,0.5583333333333336,1985,ohc,four,92,2bbl,3.05,3.03,9.0,62,4800,35,5348,6.714285714285714,6.0256410256410255,Low,False,True
151,1,87,toyota,std,two,hatchback,fwd,front,95.7,0.26268656716417904,0.27500000000000036,0.5583333333333336,2040,ohc,four,92,2bbl,3.05,3.03,9.0,62,4800,31,6338,7.580645161290323,6.184210526315789,Low,False,True
152,1,74,toyota,std,four,hatchback,fwd,front,95.7,0.26268656716417904,0.27500000000000036,0.5583333333333336,2015,ohc,four,92,2bbl,3.05,3.03,9.0,62,4800,31,6488,7.580645161290323,6.184210526315789,Low,False,True
153,0,77,toyota,std,four,wagon,fwd,front,95.7,0.42686567164179096,0.27500000000000036,0.941666666666667,2280,ohc,four,92,2bbl,3.05,3.03,9.0,62,4800,31,6918,7.580645161290323,6.351351351351352,Low,False,True
154,0,81,toyota,std,four,wagon,4wd,front,95.7,0.42686567164179096,0.27500000000000036,0.941666666666667,2290,ohc,four,92,2bbl,3.05,3.03,9.0,62,4800,27,7898,8.703703703703704,7.34375,Low,False,True
155,0,91,toyota,std,four,wagon,4wd,front,95.7,0.42686567164179096,0.27500000000000036,0.941666666666667,3110,ohc,four,92,2bbl,3.05,3.03,9.0,62,4800,27,8778,8.703703703703704,7.34375,Low,False,True
156,0,91,toyota,std,four,sedan,fwd,front,95.7,0.3761194029850749,0.3416666666666674,0.43333333333333357,2081,ohc,four,98,2bbl,3.19,3.03,9.0,70,4800,30,6938,7.833333333333333,6.351351351351352,Low,False,True
157,0,91,toyota,std,four,hatchback,fwd,front,95.7,0.3761194029850749,0.3416666666666674,0.4166666666666667,2109,ohc,four,98,2bbl,3.19,3.03,9.0,70,4800,30,7198,7.833333333333333,6.351351351351352,Low,False,True
158,0,91,toyota,std,four,sedan,fwd,front,95.7,0.3761194029850749,0.3416666666666674,0.43333333333333357,2275,ohc,four,110,idi,3.27,3.35,22.5,56,4500,34,7898,6.911764705882353,6.527777777777778,Low,True,False
159,0,91,toyota,std,four,hatchback,fwd,front,95.7,0.3761194029850749,0.3416666666666674,0.4166666666666667,2275,ohc,four,110,idi,3.27,3.35,22.5,56,4500,38,7788,6.184210526315789,5.0,Low,True,False
160,0,91,toyota,std,four,sedan,fwd,front,95.7,0.3761194029850749,0.3416666666666674,0.43333333333333357,2094,ohc,four,98,2bbl,3.19,3.03,9.0,70,4800,38,7738,6.184210526315789,5.0,Low,False,True
161,0,91,toyota,std,four,hatchback,fwd,front,95.7,0.3761194029850749,0.3416666666666674,0.4166666666666667,2122,ohc,four,98,2bbl,3.19,3.03,9.0,70,4800,28,8358,8.392857142857142,6.911764705882353,Low,False,True
162,0,91,toyota,std,four,sedan,fwd,front,95.7,0.3761194029850749,0.3416666666666674,0.4166666666666667,2140,ohc,four,98,2bbl,3.19,3.03,9.0,70,4800,28,9258,8.392857142857142,6.911764705882353,Low,False,True
163,1,168,toyota,std,two,sedan,rwd,front,94.5,0.4119402985074626,0.30833333333333357,0.40000000000000036,2169,ohc,four,98,2bbl,3.19,3.03,9.0,70,4800,29,8058,8.10344827586207,6.911764705882353,Low,False,True
164,1,168,toyota,std,two,hatchback,rwd,front,94.5,0.4119402985074626,0.30833333333333357,0.40000000000000036,2204,ohc,four,98,2bbl,3.19,3.03,9.0,70,4800,29,8238,8.10344827586207,6.911764705882353,Low,False,True
165,1,168,toyota,std,two,sedan,rwd,front,94.5,0.4119402985074626,0.30833333333333357,0.40000000000000036,2265,dohc,four,98,mpfi,3.24,3.08,9.4,112,6600,26,9298,9.038461538461538,8.10344827586207,Low,False,True
166,1,168,toyota,std,two,hatchback,rwd,front,94.5,0.4119402985074626,0.30833333333333357,0.40000000000000036,2300,dohc,four,98,mpfi,3.24,3.08,9.4,112,6600,26,9538,9.038461538461538,8.10344827586207,Low,False,True
167,2,134,toyota,std,two,hardtop,rwd,front,98.4,0.5238805970149253,0.44166666666666643,0.35000000000000026,2540,ohc,four,146,mpfi,3.62,3.5,9.3,116,4800,24,8449,9.791666666666666,7.833333333333333,Low,False,True
168,2,134,toyota,std,two,hardtop,rwd,front,98.4,0.5238805970149253,0.44166666666666643,0.35000000000000026,2536,ohc,four,146,mpfi,3.62,3.5,9.3,116,4800,24,9639,9.791666666666666,7.833333333333333,Low,False,True
169,2,134,toyota,std,two,hatchback,rwd,front,98.4,0.5238805970149253,0.44166666666666643,0.35000000000000026,2551,ohc,four,146,mpfi,3.62,3.5,9.3,116,4800,24,9989,9.791666666666666,7.833333333333333,Low,False,True
170,2,134,toyota,std,two,hardtop,rwd,front,98.4,0.5238805970149253,0.44166666666666643,0.35000000000000026,2679,ohc,four,146,mpfi,3.62,3.5,9.3,116,4800,24,11199,9.791666666666666,7.833333333333333,Low,False,True
171,2,134,toyota,std,two,hatchback,rwd,front,98.4,0.5238805970149253,0.44166666666666643,0.35000000000000026,2714,ohc,four,146,mpfi,3.62,3.5,9.3,116,4800,24,11549,9.791666666666666,7.833333333333333,Low,False,True
172,2,134,toyota,std,two,convertible,rwd,front,98.4,0.5238805970149253,0.44166666666666643,0.43333333333333357,2975,ohc,four,146,mpfi,3.62,3.5,9.3,116,4800,24,17669,9.791666666666666,7.833333333333333,Low,False,True
173,-1,65,toyota,std,four,sedan,fwd,front,102.4,0.5149253731343284,0.5166666666666669,0.5916666666666668,2326,ohc,four,122,mpfi,3.31,3.54,8.7,92,4200,29,8948,8.10344827586207,6.911764705882353,Low,False,True
174,-1,65,toyota,turbo,four,sedan,fwd,front,102.4,0.5149253731343284,0.5166666666666669,0.5916666666666668,2480,ohc,four,110,idi,3.27,3.35,22.5,73,4500,30,10698,7.833333333333333,7.121212121212121,Low,True,False
175,-1,65,toyota,std,four,hatchback,fwd,front,102.4,0.5149253731343284,0.5166666666666669,0.5083333333333334,2414,ohc,four,122,mpfi,3.31,3.54,8.7,92,4200,27,9988,8.703703703703704,7.34375,Low,False,True
176,-1,65,toyota,std,four,sedan,fwd,front,102.4,0.5149253731343284,0.5166666666666669,0.5916666666666668,2414,ohc,four,122,mpfi,3.31,3.54,8.7,92,4200,27,10898,8.703703703703704,7.34375,Low,False,True
177,-1,65,toyota,std,four,hatchback,fwd,front,102.4,0.5149253731343284,0.5166666666666669,0.5083333333333334,2458,ohc,four,122,mpfi,3.31,3.54,8.7,92,4200,27,11248,8.703703703703704,7.34375,Low,False,True
178,3,197,toyota,std,two,hatchback,rwd,front,102.9,0.6328358208955225,0.6166666666666671,0.35000000000000026,2976,dohc,six,171,mpfi,3.27,3.35,9.3,161,5200,20,16558,11.75,9.791666666666666,Medium,False,True
179,3,197,toyota,std,two,hatchback,rwd,front,102.9,0.6328358208955225,0.6166666666666671,0.35000000000000026,3016,dohc,six,171,mpfi,3.27,3.35,9.3,161,5200,19,15998,12.368421052631579,9.791666666666666,Medium,False,True
180,-1,90,toyota,std,four,sedan,rwd,front,104.5,0.6970149253731346,0.5166666666666669,0.5250000000000004,3131,dohc,six,171,mpfi,3.27,3.35,9.2,156,5200,20,15690,11.75,9.791666666666666,Medium,False,True
181,-1,122,toyota,std,four,wagon,rwd,front,104.5,0.6970149253731346,0.5166666666666669,0.5250000000000004,3151,dohc,six,161,mpfi,3.27,3.35,9.2,156,5200,19,15750,12.368421052631579,9.791666666666666,Medium,False,True
182,2,122,volkswagen,std,two,sedan,fwd,front,97.3,0.4567164179104477,0.43333333333333357,0.6583333333333338,2261,ohc,four,97,idi,3.01,3.4,23.0,52,4800,37,7775,6.351351351351352,5.108695652173913,Low,True,False
183,2,122,volkswagen,std,two,sedan,fwd,front,97.3,0.4567164179104477,0.43333333333333357,0.6583333333333338,2209,ohc,four,109,mpfi,3.19,3.4,9.0,85,5250,27,7975,8.703703703703704,6.911764705882353,Low,False,True
184,2,94,volkswagen,std,four,sedan,fwd,front,97.3,0.4567164179104477,0.43333333333333357,0.6583333333333338,2264,ohc,four,97,idi,3.01,3.4,23.0,52,4800,37,7995,6.351351351351352,5.108695652173913,Low,True,False
185,2,94,volkswagen,std,four,sedan,fwd,front,97.3,0.4567164179104477,0.43333333333333357,0.6583333333333338,2212,ohc,four,109,mpfi,3.19,3.4,9.0,85,5250,27,8195,8.703703703703704,6.911764705882353,Low,False,True
186,2,94,volkswagen,std,four,sedan,fwd,front,97.3,0.4567164179104477,0.43333333333333357,0.6583333333333338,2275,ohc,four,109,mpfi,3.19,3.4,9.0,85,5250,27,8495,8.703703703703704,6.911764705882353,Low,False,True
187,2,94,volkswagen,turbo,four,sedan,fwd,front,97.3,0.4567164179104477,0.43333333333333357,0.6583333333333338,2319,ohc,four,97,idi,3.01,3.4,23.0,68,4500,37,9495,6.351351351351352,5.595238095238095,Low,True,False
188,2,94,volkswagen,std,four,sedan,fwd,front,97.3,0.4567164179104477,0.43333333333333357,0.6583333333333338,2300,ohc,four,109,mpfi,3.19,3.4,10.0,100,5500,26,9995,9.038461538461538,7.34375,Low,False,True
189,3,122,volkswagen,std,two,convertible,fwd,front,94.5,0.27164179104477637,0.32500000000000046,0.6500000000000004,2254,ohc,four,109,mpfi,3.19,3.4,8.5,90,5500,24,11595,9.791666666666666,8.10344827586207,Low,False,True
190,3,256,volkswagen,std,two,hatchback,fwd,front,94.5,0.3671641791044775,0.30833333333333357,0.3000000000000001,2221,ohc,four,109,mpfi,3.19,3.4,8.5,90,5500,24,9980,9.791666666666666,8.10344827586207,Low,False,True
191,0,122,volkswagen,std,four,sedan,fwd,front,100.4,0.5835820895522387,0.5500000000000007,0.6083333333333337,2661,ohc,five,136,mpfi,3.19,3.4,8.5,110,5500,19,13295,12.368421052631579,9.791666666666666,Low,False,True
192,0,122,volkswagen,turbo,four,sedan,fwd,front,100.4,0.5835820895522387,0.5500000000000007,0.6083333333333337,2579,ohc,four,97,idi,3.01,3.4,23.0,68,4500,33,13845,7.121212121212121,6.184210526315789,Low,True,False
193,0,122,volkswagen,std,four,wagon,fwd,front,100.4,0.6268656716417911,0.5500000000000007,0.6083333333333337,2563,ohc,four,109,mpfi,3.19,3.4,9.0,88,5500,25,12290,9.4,7.580645161290323,Low,False,True
194,-2,103,volvo,std,four,sedan,rwd,front,104.3,0.711940298507463,0.5750000000000005,0.7000000000000005,2912,ohc,four,141,mpfi,3.78,3.15,9.5,114,5400,23,12940,10.217391304347826,8.392857142857142,Low,False,True
195,-1,74,volvo,std,four,wagon,rwd,front,104.3,0.711940298507463,0.5750000000000005,0.8083333333333336,3034,ohc,four,141,mpfi,3.78,3.15,9.5,114,5400,23,13415,10.217391304347826,8.392857142857142,Low,False,True
196,-2,103,volvo,std,four,sedan,rwd,front,104.3,0.711940298507463,0.5750000000000005,0.7000000000000005,2935,ohc,four,141,mpfi,3.78,3.15,9.5,114,5400,24,15985,9.791666666666666,8.392857142857142,Low,False,True
197,-1,74,volvo,std,four,wagon,rwd,front,104.3,0.711940298507463,0.5750000000000005,0.8083333333333336,3042,ohc,four,141,mpfi,3.78,3.15,9.5,114,5400,24,16515,9.791666666666666,8.392857142857142,Low,False,True
198,-2,103,volvo,turbo,four,sedan,rwd,front,104.3,0.711940298507463,0.5750000000000005,0.7000000000000005,3045,ohc,four,130,mpfi,3.62,3.15,7.5,162,5100,17,18420,13.823529411764707,10.681818181818182,Medium,False,True
199,-1,74,volvo,turbo,four,wagon,rwd,front,104.3,0.711940298507463,0.5750000000000005,0.8083333333333336,3157,ohc,four,130,mpfi,3.62,3.15,7.5,162,5100,17,18950,13.823529411764707,10.681818181818182,Medium,False,True
200,-1,95,volvo,std,four,sedan,rwd,front,109.1,0.711940298507463,0.7166666666666673,0.6416666666666669,2952,ohc,four,141,mpfi,3.78,3.15,9.5,114,5400,23,16845,10.217391304347826,8.392857142857142,Low,False,True
201,-1,95,volvo,turbo,four,sedan,rwd,front,109.1,0.711940298507463,0.7083333333333334,0.6416666666666669,3049,ohc,four,141,mpfi,3.78,3.15,8.7,160,5300,19,19045,12.368421052631579,9.4,Medium,False,True
202,-1,95,volvo,std,four,sedan,rwd,front,109.1,0.711940298507463,0.7166666666666673,0.6416666666666669,3012,ohcv,six,173,mpfi,3.58,2.87,8.8,134,5500,18,21485,13.055555555555555,10.217391304347826,Medium,False,True
203,-1,95,volvo,turbo,four,sedan,rwd,front,109.1,0.711940298507463,0.7166666666666673,0.6416666666666669,3217,ohc,six,145,idi,3.01,3.4,23.0,106,4800,26,22470,9.038461538461538,8.703703703703704,Low,True,False
204,-1,95,volvo,turbo,four,sedan,rwd,front,109.1,0.711940298507463,0.7166666666666673,0.6416666666666669,3062,ohc,four,141,mpfi,3.78,3.15,9.5,114,5400,19,22625,12.368421052631579,9.4,Low,False,True
